		ｑ
	一lej	ｗ
	屮lej	ｅ
	小lej	ｒ
	口lej	ｔ
	止lej	ｙ
	又lej	ｕ
	目lej	ｉ
	隹lej	ｏ
		ｐ
		ａ
	幺lej	ｓ
	肉lej	ｄ
	工lej	ｆ
	皿lej	ｇ
	宀lej	ｈ
	人lej	ｊ
	毛lej	ｋ
	文lej	ｌ
	豸lej	ｚ
	大lej	ｘ
	水lej	ｃ
	戈lej	ｖ
	虫lej	ｂ
	土lej	ｎ
	乙lej	ｍ
一lej		ｑ
一lej	一	ｗ
一lej		ｅ
一lej	一	ｒ
一lej	丄	ｔ
一lej	丅	ｙ
一lej	丨	ｕ
一lej		ｉ
一lej		ｏ
一lej		ｐ
一lej		ａ
一lej		ｓ
一lej	八	ｄ
一lej	十	ｆ
一lej	乃	ｇ
一lej	厶	ｈ
一lej	丿	ｊ
一lej		ｋ
一lej		ｌ
一lej		ｚ
一lej	乀	ｘ
一lej	𠂆	ｃ
一lej	乁	ｖ
一lej	𠃊	ｂ
一lej	七	ｎ
一lej		ｍ
屮lej		ｑ
屮lej	㐀	ｗ
屮lej	屮	ｅ
屮lej	丯	ｒ
屮lej	亇	ｔ
屮lej	來	ｙ
屮lej	木	ｕ
屮lej	才	ｉ
屮lej		ｏ
屮lej		ｐ
屮lej		ａ
屮lej	乇	ｓ
屮lej	𠂹	ｄ
屮lej	𥝌	ｆ
屮lej	𢎘	ｇ
屮lej	𠧪	ｈ
屮lej	齊	ｊ
屮lej	片	ｋ
屮lej	爿	ｌ
屮lej	禾	ｚ
屮lej	米	ｘ
屮lej	尗	ｃ
屮lej	耑	ｖ
屮lej	韭	ｂ
屮lej	瓜	ｎ
屮lej	不	ｍ
小lej		ｑ
小lej		ｗ
小lej		ｅ
小lej	小	ｒ
小lej		ｔ
小lej		ｙ
小lej		ｕ
小lej		ｉ
小lej		ｏ
小lej		ｐ
小lej		ａ
小lej		ｓ
小lej		ｄ
小lej	玉	ｆ
小lej	小	ｇ
小lej	冊	ｈ
小lej	予	ｊ
小lej		ｋ
小lej		ｌ
小lej		ｚ
小lej		ｘ
小lej	幻	ｃ
小lej	毌	ｖ
小lej	吕	ｂ
小lej		ｎ
小lej		ｍ
口lej		ｑ
口lej		ｗ
口lej		ｅ
口lej		ｒ
口lej	口	ｔ
口lej		ｙ
口lej		ｕ
口lej		ｉ
口lej		ｏ
口lej		ｐ
口lej		ａ
口lej		ｓ
口lej		ｄ
口lej	口	ｆ
口lej	𠚕	ｇ
口lej	𪞶	ｈ
口lej	亼	ｊ
口lej		ｋ
口lej		ｌ
口lej		ｚ
口lej		ｘ
口lej		ｃ
口lej		ｖ
口lej		ｂ
口lej		ｎ
口lej		ｍ
止lej		ｑ
止lej		ｗ
止lej		ｅ
止lej	𣥂	ｒ
止lej	彳	ｔ
止lej	止	ｙ
止lej		ｕ
止lej		ｉ
止lej		ｏ
止lej		ｐ
止lej		ａ
止lej		ｓ
止lej		ｄ
止lej	亍	ｆ
止lej	廴	ｇ
止lej	夊	ｈ
止lej		ｊ
止lej		ｋ
止lej		ｌ
止lej		ｚ
止lej		ｘ
止lej	㐄	ｃ
止lej	夂	ｖ
止lej	久	ｂ
止lej		ｎ
止lej		ｍ
又lej		ｑ
又lej		ｗ
又lej		ｅ
又lej	釆	ｒ
又lej	爪	ｔ
又lej	又	ｙ
又lej	又	ｕ
又lej		ｉ
又lej		ｏ
又lej		ｐ
又lej		ａ
又lej		ｓ
又lej		ｄ
又lej	父	ｆ
又lej	𠂇	ｇ
又lej	⿲爪爪𠄌	ｈ
又lej		ｊ
又lej		ｋ
又lej		ｌ
又lej		ｚ
又lej		ｘ
又lej	手	ｃ
又lej	九	ｖ
又lej	丑	ｂ
又lej		ｎ
又lej		ｍ
目lej		ｑ
目lej		ｗ
目lej		ｅ
目lej		ｒ
目lej		ｔ
目lej		ｙ
目lej		ｕ
目lej	目	ｉ
目lej		ｏ
目lej		ｐ
目lej		ａ
目lej		ｓ
目lej		ｄ
目lej	臣	ｆ
目lej	目	ｇ
目lej	眉	ｈ
目lej	民	ｊ
目lej		ｋ
目lej		ｌ
目lej		ｚ
目lej		ｘ
目lej		ｃ
目lej		ｖ
目lej		ｂ
目lej		ｎ
目lej		ｍ
隹lej		ｑ
隹lej		ｗ
隹lej		ｅ
隹lej		ｒ
隹lej		ｔ
隹lej		ｙ
隹lej		ｕ
隹lej		ｉ
隹lej	隹	ｏ
隹lej		ｐ
隹lej		ａ
隹lej		ｓ
隹lej		ｄ
隹lej	隹	ｆ
隹lej	⿳丿口一	ｇ
隹lej	⿹勹灬	ｈ
隹lej		ｊ
隹lej		ｋ
隹lej		ｌ
隹lej		ｚ
隹lej		ｘ
隹lej	朋	ｃ
隹lej	燕	ｖ
隹lej	𠃉	ｂ
隹lej		ｎ
隹lej		ｍ
幺lej		ｑ
幺lej		ｗ
幺lej		ｅ
幺lej		ｒ
幺lej		ｔ
幺lej		ｙ
幺lej		ｕ
幺lej		ｉ
幺lej		ｏ
幺lej		ｐ
幺lej		ａ
幺lej	幺	ｓ
幺lej		ｄ
幺lej	幺	ｆ
幺lej	叀	ｇ
幺lej	玄	ｈ
幺lej	糸	ｊ
幺lej		ｋ
幺lej		ｌ
幺lej		ｚ
幺lej		ｘ
幺lej	巠	ｃ
幺lej	𠂂	ｖ
幺lej	率	ｂ
幺lej	己	ｎ
幺lej		ｍ
肉lej		ｑ
肉lej		ｗ
肉lej	牙	ｅ
肉lej	互	ｒ
肉lej	自	ｔ
肉lej	歺	ｙ
肉lej	冎	ｕ
肉lej	角	ｉ
肉lej		ｏ
肉lej		ｐ
肉lej		ａ
肉lej	白	ｓ
肉lej	肉	ｄ
肉lej	呂	ｆ
肉lej	𦣻	ｇ
肉lej	甶	ｈ
肉lej	𠃋	ｊ
肉lej	彑	ｋ
肉lej		ｌ
肉lej	囟	ｚ
肉lej	心	ｘ
肉lej	耳	ｃ
肉lej	𦣝	ｖ
肉lej	卵	ｂ
肉lej	且	ｎ
肉lej	甲	ｍ
工lej		ｑ
工lej		ｗ
工lej	𠦒	ｅ
工lej	𭁠	ｒ
工lej	乂	ｔ
工lej	𠀠	ｙ
工lej	丌	ｕ
工lej	丶	ｉ
工lej		ｏ
工lej		ｐ
工lej		ａ
工lej	弋	ｓ
工lej	珡	ｄ
工lej	工	ｆ
工lej	匚	ｇ
工lej	曲	ｈ
工lej	力	ｊ
工lej	几	ｋ
工lej		ｌ
工lej	嘼	ｚ
工lej	單	ｘ
工lej	丁	ｃ
工lej	壬	ｖ
工lej	癸	ｂ
工lej	辰	ｎ
工lej	午	ｍ
皿lej		ｑ
皿lej		ｗ
皿lej		ｅ
皿lej	鬲	ｒ
皿lej	豆	ｔ
皿lej	𠙴	ｙ
皿lej		ｕ
皿lej		ｉ
皿lej		ｏ
皿lej		ｐ
皿lej		ａ
皿lej		ｓ
皿lej	缶	ｄ
皿lej	臼	ｆ
皿lej	皿	ｇ
皿lej	壺	ｈ
皿lej	𠙹	ｊ
皿lej		ｋ
皿lej		ｌ
皿lej		ｚ
皿lej	瓦	ｘ
皿lej	凡	ｃ
皿lej	斗	ｖ
皿lej	升	ｂ
皿lej	酉	ｎ
皿lej		ｍ
宀lej		ｑ
宀lej		ｗ
宀lej		ｅ
宀lej	中	ｒ
宀lej	丹	ｔ
宀lej	丼	ｙ
宀lej		ｕ
宀lej		ｉ
宀lej		ｏ
宀lej		ｐ
宀lej		ａ
宀lej		ｓ
宀lej	良	ｄ
宀lej	㫃	ｆ
宀lej	囧	ｇ
宀lej	宀	ｈ
宀lej	彔	ｊ
宀lej		ｋ
宀lej		ｌ
宀lej		ｚ
宀lej	舟	ｘ
宀lej	囪	ｃ
宀lej	西	ｖ
宀lej	戸	ｂ
宀lej	車	ｎ
宀lej		ｍ
人lej		ｑ
人lej		ｗ
人lej	𠤎	ｅ
人lej	匕	ｒ
人lej	身	ｔ
人lej	㐆	ｙ
人lej	尸	ｕ
人lej		ｉ
人lej		ｏ
人lej		ｐ
人lej		ａ
人lej	儿	ｓ
人lej	𠂋	ｄ
人lej	刁	ｆ
人lej	卩	ｇ
人lej	㔿	ｈ
人lej	人	ｊ
人lej	勹	ｋ
人lej		ｌ
人lej	女	ｚ
人lej	母	ｘ
人lej	子	ｃ
人lej	了	ｖ
人lej	孑	ｂ
人lej	孓	ｎ
人lej	𠫓	ｍ
毛lej		ｑ
毛lej		ｗ
毛lej		ｅ
毛lej	革	ｒ
毛lej	𠘧	ｔ
毛lej	羽	ｙ
毛lej		ｕ
毛lej		ｉ
毛lej		ｏ
毛lej		ｐ
毛lej		ａ
毛lej		ｓ
毛lej		ｄ
毛lej	衣	ｆ
毛lej	毛	ｇ
毛lej	冄	ｈ
毛lej		ｊ
毛lej	毛	ｋ
毛lej		ｌ
毛lej		ｚ
毛lej		ｘ
毛lej	而	ｃ
毛lej	非	ｖ
毛lej	卂	ｂ
毛lej		ｎ
毛lej		ｍ
文lej		ｑ
文lej		ｗ
文lej		ｅ
文lej	丩	ｒ
文lej	卜	ｔ
文lej	入	ｙ
文lej		ｕ
文lej		ｉ
文lej		ｏ
文lej		ｐ
文lej		ａ
文lej		ｓ
文lej		ｄ
文lej	回	ｆ
文lej	日	ｇ
文lej	月	ｈ
文lej		ｊ
文lej		ｋ
文lej	文	ｌ
文lej		ｚ
文lej		ｘ
文lej	夕	ｃ
文lej	彡	ｖ
文lej	文	ｂ
文lej		ｎ
文lej		ｍ
豸lej		ｑ
豸lej		ｗ
豸lej		ｅ
豸lej	牛	ｒ
豸lej	𠁥	ｔ
豸lej	羊	ｙ
豸lej		ｕ
豸lej		ｉ
豸lej		ｏ
豸lej		ｐ
豸lej		ａ
豸lej		ｓ
豸lej		ｄ
豸lej	虍	ｆ
豸lej	豕	ｇ
豸lej	豸	ｈ
豸lej		ｊ
豸lej		ｋ
豸lej		ｌ
豸lej	豸	ｚ
豸lej		ｘ
豸lej	⿰丿匕	ｃ
豸lej	犬	ｖ
豸lej	魚	ｂ
豸lej		ｎ
豸lej		ｍ
大lej		ｑ
大lej		ｗ
大lej		ｅ
大lej	天	ｒ
大lej	屰	ｔ
大lej	大	ｙ
大lej		ｕ
大lej		ｉ
大lej		ｏ
大lej		ｐ
大lej		ａ
大lej		ｓ
大lej		ｄ
大lej	亦	ｆ
大lej	夨	ｇ
大lej	夭	ｈ
大lej		ｊ
大lej		ｋ
大lej		ｌ
大lej		ｚ
大lej	大	ｘ
大lej	交	ｃ
大lej	亢	ｖ
大lej	叕	ｂ
大lej		ｎ
大lej		ｍ
水lej		ｑ
水lej		ｗ
水lej		ｅ
水lej		ｒ
水lej		ｔ
水lej		ｙ
水lej		ｕ
水lej		ｉ
水lej		ｏ
水lej		ｐ
水lej		ａ
水lej		ｓ
水lej		ｄ
水lej	𡿨	ｆ
水lej	泉	ｇ
水lej	永	ｈ
水lej		ｊ
水lej		ｋ
水lej		ｌ
水lej		ｚ
水lej		ｘ
水lej	水	ｃ
水lej	𠂢	ｖ
水lej	雨	ｂ
水lej		ｎ
水lej		ｍ
戈lej		ｑ
戈lej		ｗ
戈lej	王	ｅ
戈lej	士	ｒ
戈lej	干	ｔ
戈lej	盾	ｙ
戈lej	刀	ｕ
戈lej	刃	ｉ
戈lej		ｏ
戈lej		ｐ
戈lej		ａ
戈lej		ｓ
戈lej	矢	ｄ
戈lej	勿	ｆ
戈lej	或	ｇ
戈lej	我	ｈ
戈lej	亅	ｊ
戈lej	𠄌	ｋ
戈lej		ｌ
戈lej		ｚ
戈lej	弓	ｘ
戈lej	斤	ｃ
戈lej	戈	ｖ
戈lej	矛	ｂ
戈lej	戊	ｎ
戈lej	卯	ｍ
虫lej		ｑ
虫lej		ｗ
虫lej		ｅ
虫lej		ｒ
虫lej		ｔ
虫lej		ｙ
虫lej		ｕ
虫lej		ｉ
虫lej		ｏ
虫lej		ｐ
虫lej		ａ
虫lej		ｓ
虫lej	貝	ｄ
虫lej	求	ｆ
虫lej	虫	ｇ
虫lej	它	ｈ
虫lej	巳	ｊ
虫lej		ｋ
虫lej		ｌ
虫lej		ｚ
虫lej		ｘ
虫lej		ｃ
虫lej		ｖ
虫lej	虫	ｂ
虫lej		ｎ
虫lej		ｍ
土lej		ｑ
土lej		ｗ
土lej	凵	ｅ
土lej	⿱亠囗	ｒ
土lej	冂	ｔ
土lej	囗	ｙ
土lej	冖	ｕ
土lej	山	ｉ
土lej		ｏ
土lej		ｐ
土lej		ａ
土lej		ｓ
土lej	广	ｄ
土lej	厂	ｆ
土lej	㇈	ｇ
土lej	氏	ｈ
土lej	田	ｊ
土lej	𠃬	ｋ
土lej		ｌ
土lej		ｚ
土lej	𠂤	ｘ
土lej	𨸏	ｃ
土lej	厽	ｖ
土lej	宁	ｂ
土lej	土	ｎ
土lej	亞	ｍ
乙lej		ｑ
乙lej		ｗ
乙lej		ｅ
乙lej		ｒ
乙lej		ｔ
乙lej		ｙ
乙lej		ｕ
乙lej		ｉ
乙lej		ｏ
乙lej		ｐ
乙lej		ａ
乙lej		ｓ
乙lej		ｄ
乙lej	气	ｆ
乙lej	丂	ｇ
乙lej	𠀀	ｈ
乙lej		ｊ
乙lej		ｋ
乙lej		ｌ
乙lej		ｚ
乙lej		ｘ
乙lej	火	ｃ
乙lej	㐅	ｖ
乙lej	乙	ｂ
乙lej		ｎ
乙lej	乙	ｍ
